{"ECS":{"ConfigLogTarget":"edge_stable"},"Edge":{"SpeechRecognition":{"enableFeatures":["msSpeechRecognition"]},"ExpDemoteSuggestionsByType":{"enableFeatures":["OmniboxDemoteByType"],"parameters":[{"name":"DemoteByType:*:*","value":"1:61,2:61,3:61,4:61,5:61,16:61"}]},"pdfDefaultsFlyout":{"enableFeatures":["msFlyoutDefaultHandlerForPDFOpen","msEdgeEnableNurturing"]},"AddressBarPromptOncePerSession":{"enableFeatures":["msEdgeShoppingSilentAddressBarAnimation"]},"NewsIsolationCFR":{"enableFeatures":["msNtpExp1"]},"Test_PermaEdge_Periodic_IEIcon":{"enableFeatures":["msPermaEdgePeriodicWithPb","msPermaEdgePeriodicModeDismissConfirmation","msLocalStringsForPermaEdgeExperiments"],"parameters":[{"name":"ie_usage_threshold","value":"10"}]},"EdgeShoppingRollout":{"disableFeatures":["msEdgeShoppingUI","msAutofillEdgeCoupons","msAutofillEdgeCouponsAutoApply","msAutofillEdgeCheckoutPageValidationByScript"]},"pdfDefaults":{"enableFeatures":["msPromptDefaultHandlerForPDF"]},"RecordLastUnsentLogMetadataMetrics":{"enableFeatures":["RecordLastUnsentLogMetadataMetrics"]},"BingLocation":{"enableFeatures":["msEnableReactPermissionRequest","msEnableReactBingRequest"]},"EdgeReadingViewFromContextMenu":{"enableFeatures":["msEdgeReadingViewFromContextMenu"]},"WebCaptureFullPageStableCFR":{"enableFeatures":["msEdgeWebCaptureFullPage"]},"SyncMicrosoftUserIdWithFeedsInTaskbar":{"enableFeatures":["msSyncMicrosoftUserId"]},"MoreTopSitesOnNtp":{"enableFeatures":["msMoreTopSitesOnNtp"]},"NotificationPermissionAdaptiveUiSelection":{"enableFeatures":["msAdaptiveNotificationPermissionUiSelector"],"parameters":[{"name":"enable_adaptive_activation","value":"true"},{"name":"crowd_deny_hold_back_chance","value":"0.05"}]},"PCRolloutStable":{"disableFeatures":["msEntityExtractionProactive","msPriceComparison","msEEPicl","msEEPiclProactive","msEEPiclOptimized","msEEPageClassifier","msEdgeFaviconService"]},"EdgeFeedbackInteropWithFeedbackHub":{"enableFeatures":["msEdgeFeedbackInteropWithFeedbackHub"]},"SpartanReimport":{"enableFeatures":["msEdgeOnRampReimport"]},"HistoryAndOpenTabsSync":{"enableFeatures":["msEdgeSyncHistory","msEdgeSyncOpenTabs","msForeignSessionsPage","msEdgeFaviconService","msSyncSessionOptimizations","msEdgeUseByteSizeBatching"],"disableFeatures":["NotifySyncOnLanguageDetermined","msEdgeUseReducedCommitBatchSize"]},"EdgeFeedbackShowAttachmentsStable":{"enableFeatures":["msEdgeFeedbackShowAttachmentsButton"]},"PermaEdgeOnNthNeedEdge":{"enableFeatures":["msPermaEdgeOnNthNeedEdgeTrigger"],"parameters":[{"name":"NValueToShowPermaEdge","value":"3,8,13,18,23,28"}]},"Permaedge_new_strings":{"enableFeatures":["msLocalStringsForPermaEdgeExperiments"]}},"EdgeConfig":{"DisableDirectCompositionForceFullDamage":{"disableFeatures":["DirectCompositionForceFullDamage"]},"ThrottleInstallingServiceWorker":{"parameters":[{"name":"limit","value":"3"}],"enableFeatures":["ThrottleInstallingServiceWorker"]},"DnsOverHttpsUi":{"parameters":[{"name":"DisabledProviders","value":"Quad9Secure"},{"name":"ShowUi","value":"true"}],"enableFeatures":["DnsOverHttps","DnsOverHttpsUpgrade"]},"AppRepUseNewFeedbackSite":{"disableFeatures":["msAppRepUseNewFeedbackSite"]},"DisableFTP":{"disableFeatures":["FtpProtocol"]},"QUIC":{"parameters":[{"name":"enable_quic","value":"true"},{"name":"quic_version","value":"h3-29,h3-Q050"},{"name":"disable_tls_zero_rtt","value":"true"},{"name":"retransmittable_on_wire_timeout_milliseconds","value":"200"},{"name":"allow_port_migration","value":"true"},{"name":"set_quic_flags","value":"FLAGS_quic_max_aggressive_retransmittable_on_wire_ping_count=5"},{"name":"epoch","value":"20210201"},{"name":"channel","value":"S"}]},"OverrideEvents":{"enableFeatures":["msEventsAllowList"],"parameters":[{"name":"msEventOverrideList","value":"Microsoft.WebBrowser.Protobuf.UMA.SampledProfile,0,6;"}]},"LegacyTLSEnforcedConfig":{"enableFeatures":["LegacyTLSEnforced"]},"EdgeStartupMetricsHardFaultCount":{"enableFeatures":["msEdgeEnableDiagnosticEventHardFaults"],"parameters":[{"name":"HardFaultCountMin","value":"2000"},{"name":"HardFaultCountMax","value":"1000000"}]},"LegacyTLSWarningsConfig":{"enableFeatures":["LegacyTLSWarnings"]},"TelemetryPopSampleSampling":{"enableFeatures":["msForceTelemetrySampling","msLogTestUniformDistributionHistogram"],"parameters":[{"name":"group1PopSample","value":"100"},{"name":"group2PopSample","value":"20"},{"name":"group3PopSample","value":"100"},{"name":"group4PopSample","value":"1"},{"name":"group5PopSample","value":"1"},{"name":"group6PopSample","value":"100"},{"name":"defaultGroupPopSample","value":"0"},{"name":"criticalPopSample","value":"100"},{"name":"measurePopSample","value":"1"},{"name":"telemetryPopSample","value":"0"}]},"OverrideHistograms":{"enableFeatures":["msHistogramsGovernanceList"],"parameters":[{"name":"msHistogramOverrideList","value":"UKM.UnsentLogs.NumDropped,1,,16;UKM.UnsentLogs.DroppedSize,1,,16;Sqlite.CloseFailure,1,,0;Sqlite.Error,1,,0;Sqlite.MemoryKB.OneDay,1,,0;Sqlite.MemoryKB.OneHour,1,,0;Sqlite.MemoryKB.OneWeek,1,,0;Sqlite.MemoryKB.TenMinutes,1,,0;Sqlite.Migration.History,1,,0;Sqlite.OpenProbeFailure,1,,0;Sqlite.RazeDatabase,1,,0;Sqlite.RazeDatabase2,1,,0;Sqlite.RazeDatabaseTruncate,1,,0;Sqlite.RecoveryAttachError,1,,0;Sqlite.RecoveryEvents,1,,0;Sqlite.RecoveryHandle,1,,0;Sqlite.RecoveryStep,1,,0;Sqlite.Version,1,,0;Sqlite.Stats2,1,,0;Microsoft.FRE.NewDeviceFRE,1,1;Microsoft.FRE.NewDeviceFRE.BannerShown,1,1;Microsoft.FRE.NewDeviceFRE.BannerInteractionStatus,1,1;Microsoft.Shopping.ShowPopup,1,1;Microsoft.Shopping.Actions,1,1;Microsoft.Shopping.Engagement,1,1;Microsoft.Shopping.VisitShoppingPage,1,1;Microsoft.EntityExtraction.PDPClassification,1,1;Microsoft.Coupons.CheckoutPageValidation.Status,1,1;Microsoft.Shopping.ButtonText,1,1;Microsoft.Tabs.VerticalTabStripShown,1,,36;Microsoft.Tabs.VerticalTabStripFirstShown2,1,,36;Microsoft.Tabs.VerticalTabStripOpen,1,,36;Settings.StartupPageEngineTypes,1,,8192;Microsoft.Omnibox.DefaultSearchProviderDataPrefChanged,1,,8192;Search.DefaultSearchProviderType,1,,28696;Omnibox.SearchEngineType,1,,28688;Microsoft.Omnibox.LocalProvidersEnabled,1,,8196;"}]}},"EdgeDomainActions":{"ecp_override":{"version":1,"policies":[{"name":"PlainTextURLsOnly","type":"ECPOnlyPlaintextURLs"}],"applications":[{"applied_policy":"PlainTextURLsOnly","domain":"hangouts.google.com"},{"applied_policy":"PlainTextURLsOnly","domain":"slack.com"},{"applied_policy":"PlainTextURLsOnly","domain":"facebook.com"},{"applied_policy":"PlainTextURLsOnly","domain":"wechat.com"},{"applied_policy":"PlainTextURLsOnly","domain":"weixin.com"},{"applied_policy":"PlainTextURLsOnly","domain":"qq.com"},{"applied_policy":"PlainTextURLsOnly","domain":"webex.com"}]},"web_notification_override":{"applications":[{"applied_policy":"prompt","domain":"www.reddit.com"},{"applied_policy":"prompt","domain":"www.telegraphindia.com"},{"applied_policy":"prompt","domain":"timesofindia.indiatimes.com"},{"applied_policy":"prompt","domain":"pushengage.com"},{"applied_policy":"prompt","domain":"www.timesnownews.com"},{"applied_policy":"prompt","domain":"www.couponrani.com"},{"applied_policy":"prompt","domain":"www.wholesomeyum.com"},{"applied_policy":"prompt","domain":"www.asklaila.com"},{"applied_policy":"prompt","domain":"www.sammobile.com"},{"applied_policy":"prompt","domain":"www.ecuavisa.com"},{"applied_policy":"prompt","domain":"uz.sputniknews.ru"},{"applied_policy":"prompt","domain":"www.ndtv.com"},{"applied_policy":"prompt","domain":"www.elimparcial.com"},{"applied_policy":"prompt","domain":"www.povarenok.ru"},{"applied_policy":"prompt","domain":"www.estadao.com.br"},{"applied_policy":"prompt","domain":"olxpakistan.os.tc"},{"applied_policy":"prompt","domain":"televisa.com"},{"applied_policy":"prompt","domain":"uol.com.br"},{"applied_policy":"prompt","domain":"www.axisbank.com"},{"applied_policy":"prompt","domain":"mutualfund.adityabirlacapital.com"},{"applied_policy":"prompt","domain":"www.facebook.com"},{"applied_policy":"prompt","domain":"www.instagram.com"},{"applied_policy":"prompt","domain":"www.messenger.com"}],"policies":[{"name":"prompt","reason":"","type":"","value":""}],"version":1},"codec_override":{"version":1,"policies":[{"name":"HideMfHevcCodec","type":"MfHevcCodec"}],"applications":[{"applied_policy":"HideMfHevcCodec","domain":"tv.apple.com"}]},"idl_override":{"applications":[{"applied_policy":"ExposePrefixedEME","domain":"netflix.com"},{"applied_policy":"ExposePrefixedEME","domain":"music.amazon.co.jp"},{"applied_policy":"ExposePrefixedEME","domain":"music.amazon.co.uk"},{"applied_policy":"ExposePrefixedEME","domain":"music.amazon.com"},{"applied_policy":"ExposePrefixedEME","domain":"music.amazon.de"},{"applied_policy":"ExposePrefixedEME","domain":"music.amazon.es"},{"applied_policy":"ExposePrefixedEME","domain":"music.amazon.fr"},{"applied_policy":"ExposePrefixedEME","domain":"music.amazon.in"},{"applied_policy":"ExposePrefixedEME","domain":"music.amazon.it"},{"applied_policy":"ExposePrefixedEME","domain":"music.amazon.ca"},{"applied_policy":"ExposePrefixedEME","domain":"music.amazon.com.br"},{"domain":"sling.com","applied_policy":"ExposePrefixedEME"},{"domain":"openidconnectweb.azurewebsites.net","applied_policy":"ExposePrefixedEME"}],"policies":[{"name":"ExposePrefixedEME","type":"PrefixedEme"}],"version":1},"cdm_override":{"version":1,"policies":[{"name":"OnlyExposePlayReady","type":"Playready"},{"name":"OnlyExposeWidevine","type":"Widevine"}],"applications":[{"domain":"sling.com","applied_policy":"OnlyExposePlayReady"},{"domain":"tou.tv","applied_policy":"OnlyExposeWidevine"},{"domain":"maxdome.de","applied_policy":"OnlyExposeWidevine"},{"domain":"abc.com","applied_policy":"OnlyExposeWidevine"},{"domain":"tv.apple.com","applied_policy":"OnlyExposeWidevine"},{"domain":"la7.it","applied_policy":"OnlyExposeWidevine"},{"domain":"xfinity.com","applied_policy":"OnlyExposeWidevine"},{"domain":"watchtv.cox.com","applied_policy":"OnlyExposeWidevine"},{"domain":"ignitetv.rogers.com","applied_policy":"OnlyExposeWidevine"},{"domain":"bluecurvetv.shaw.ca","applied_policy":"OnlyExposeWidevine"},{"domain":"helix.videotron.com","applied_policy":"OnlyExposeWidevine"},{"domain":"criterionchannel.com","applied_policy":"OnlyExposeWidevine"},{"domain":"ntathome.com","applied_policy":"OnlyExposeWidevine"},{"domain":"wowpresentsplus.com","applied_policy":"OnlyExposeWidevine"},{"domain":"vhx.tv","applied_policy":"OnlyExposeWidevine"},{"domain":"hulu.com","applied_policy":"OnlyExposePlayReady"},{"domain":"app.quickhelp.com","applied_policy":"OnlyExposeWidevine"},{"domain":"DishAnywhere.com","applied_policy":"OnlyExposeWidevine"}]},"user_agent_override":{"version":1,"policies":[{"name":"EdgeUA","type":"partialReplacement","value":"AppleWebKit/537.36 (KHTML, like Gecko) Chrome/70.0.3538.102 Safari/537.36 Edge/18.17763"},{"name":"IEUA","type":"platformIgnorantFullReplacement","value":"Mozilla/5.0 (Windows NT 10.0; WOW64; Trident/7.0; .NET4.0C; .NET4.0E; .NET CLR 2.0.50727; .NET CLR 3.0.30729; .NET CLR 3.5.30729; Zoom 3.6.0; rv:11.0) like Gecko"},{"name":"DrmEdgeUA","type":"partialReplacement","value":"AppleWebKit/537.36 (KHTML, like Gecko) Chrome/64.0.3282.140 Safari/537.36 Edge/18.17763","reason":"DigitalRightsManagement"},{"name":"EdgUA","type":"replaceIfWorkaroundsNeeded"},{"name":"DrmEdgUA","type":"replaceIfWorkaroundsNeeded","reason":"DigitalRightsManagement"},{"name":"ChromeUA","type":"edgeTokenReplacement"}],"applications":[{"domain":"hbonow.com","applied_policy":"DrmEdgeUA"},{"domain":"hboportugal.com","applied_policy":"DrmEdgeUA"},{"domain":"hbogo.com","applied_policy":"DrmEdgeUA"},{"domain":"sling.com","applied_policy":"DrmEdgeUA"},{"domain":"hbogo.bg","applied_policy":"DrmEdgeUA"},{"domain":"patient.overl.ai","applied_policy":"ChromeUA"},{"domain":"hbogo.ro","applied_policy":"DrmEdgeUA"},{"domain":"hbogo.cz","applied_policy":"DrmEdgeUA"},{"domain":"wrc.t-mobile.com","applied_policy":"ChromeUA"},{"domain":"meituan.com","applied_policy":"ChromeUA"},{"domain":"maxdome.de","applied_policy":"ChromeUA"},{"domain":"att.com","path_match":["/support"],"applied_policy":"ChromeUA"},{"domain":"go.canaldigital.fi","applied_policy":"EdgeUA"},{"domain":"go.canaldigital.no","applied_policy":"EdgeUA"},{"domain":"go.canaldigital.se","applied_policy":"EdgeUA"},{"domain":"canaldigital.dk","“subdomain_match":["go","tv"],"applied_policy":"EdgeUA"},{"domain":"video.zhihu.com","applied_policy":"EdgeUA"},{"domain":"la7.it","applied_policy":"ChromeUA"},{"domain":"web.flow.com.ar","applied_policy":"ChromeUA"},{"domain":"ide.cs50.io","applied_policy":"ChromeUA"},{"domain":"moneygram.com","applied_policy":"ChromeUA"},{"domain":"blog.esuteru.com","applied_policy":"ChromeUA"},{"domain":"leap.cuemath.com","path_match":["/login"],"applied_policy":"ChromeUA"},{"domain":"online.tivo.com","path_match":["/start"],"applied_policy":"ChromeUA"},{"domain":"smallbusiness.yahoo.com","path_match":["/businessmaker"],"applied_policy":"ChromeUA"},{"domain":"jeeready.amazon.in","path_match":["/home"],"applied_policy":"ChromeUA"},{"domain":"abc.com","applied_policy":"ChromeUA"},{"domain":"mvsrec738.examly.io","applied_policy":"ChromeUA"},{"domain":"myslate.sixphrase.com","applied_policy":"ChromeUA"},{"domain":"mycentral.aexp.com","applied_policy":"ChromeUA"},{"domain":"search.norton.com","path_match":["/nsssOnboarding"],"applied_policy":"ChromeUA"},{"domain":"checkdecide.com","applied_policy":"ChromeUA"},{"domain":"virtualvisitlogin.partners.org","applied_policy":"ChromeUA"},{"domain":"carelogin.bryantelemedicine.com","applied_policy":"ChromeUA"},{"domain":"providerstc.hs.utah.gov","applied_policy":"ChromeUA"},{"domain":"applychildcaresubsidy.alberta.ca","applied_policy":"ChromeUA"},{"domain":"elearning.evn.com.vn","path_match":["/login"],"applied_policy":"ChromeUA"},{"domain":"telecare.keckmedicine.org","applied_policy":"ChromeUA"},{"domain":"authoring.amirsys.com","path_match":["/login"],"applied_policy":"ChromeUA"},{"domain":"elearning.seabank.com.vn","path_match":["/login"],"applied_policy":"ChromeUA"},{"domain":"app.fields.corteva.com","path_match":["/login"],"applied_policy":"ChromeUA"},{"domain":"gsq.minornet.com","applied_policy":"ChromeUA"},{"domain":"shop.lic.co.nz","applied_policy":"ChromeUA"},{"domain":"telehealthportal.uofuhealth.org","applied_policy":"ChromeUA"},{"domain":"portal.centurylink.com","applied_policy":"ChromeUA"},{"domain":"visitnow.org","applied_policy":"ChromeUA"},{"domain":"www.hotstar.com","path_match":["/in/subscribe/payment/methods/dc","/in/subscribe/payment/methods/cc"],"applied_policy":"ChromeUA"},{"domain":"tryca.st","path_match":["/studio","/publisher"],"applied_policy":"ChromeUA"},{"domain":"telemost.yandex.ru","applied_policy":"ChromeUA"},{"domain":"astrogo.astro.com.my","applied_policy":"ChromeUA"},{"domain":"airbornemedia.gogoinflight.com","applied_policy":"ChromeUA"},{"domain":"itoaxaca.mindbox.app","applied_policy":"ChromeUA"},{"domain":"app.classkick.com","applied_policy":"ChromeUA"},{"domain":"exchangeservicecenter.com","path_match":["/freeze"],"applied_policy":"ChromeUA"},{"domain":"bancodeoccidente.com.co","path_match":["/portaltransaccional"],"applied_policy":"ChromeUA"},{"domain":"better.com","applied_policy":"ChromeUA"},{"domain":"bm.gzekao.cn","path_match":["/tr/webregister/"],"applied_policy":"IEUA"},{"domain":"scheduling.care.psjhealth.org","path_match":["/virtual"],"applied_policy":"ChromeUA"},{"domain":"salud.go.cr","applied_policy":"ChromeUA"},{"domain":"learning.chungdahm.com","applied_policy":"ChromeUA"},{"domain":"gooroomee.com","applied_policy":"ChromeUA"},{"domain":"tenantev.com","applied_policy":"ChromeUA"},{"domain":"wafdbank.com","applied_policy":"ChromeUA"},{"domain":"academy.amazon.in","path_match":["/home"],"applied_policy":"ChromeUA"},{"domain":"printful.com","path_match":["/dashboard/default"],"applied_policy":"ChromeUA"},{"domain":"fansnet.jp","path_match":["/signin"],"applied_policy":"ChromeUA"},{"domain":"app.houseparty.com","applied_policy":"ChromeUA"},{"domain":"hanafloralpos2.com","applied_policy":"ChromeUA"},{"domain":"connect.ottohealth.com","applied_policy":"ChromeUA"},{"domain":"elroyalecasinobonuses.com","applied_policy":"ChromeUA"},{"domain":"moji365.com","applied_policy":"ChromeUA"},{"domain":"web2020.atama.plus","applied_policy":"ChromeUA"},{"domain":"elroyalecasino.com","applied_policy":"ChromeUA"},{"domain":"portal.greenxtrade.com","applied_policy":"ChromeUA"},{"domain":"aussieplaybonuses.com","applied_policy":"ChromeUA"},{"domain":"front.viewinter.ai","applied_policy":"ChromeUA"},{"domain":"newstudentregistration.nmsu.edu","applied_policy":"ChromeUA"},{"domain":"app.evisit.com","applied_policy":"ChromeUA"},{"domain":"richpalms.com","applied_policy":"ChromeUA"},{"domain":"lilyclass.com","applied_policy":"ChromeUA"},{"domain":"hiflow.com","applied_policy":"ChromeUA"},{"domain":"my.a-bly.com","applied_policy":"ChromeUA"},{"domain":"app.mytaxprepoffice.com","applied_policy":"ChromeUA"},{"domain":"login.hourpowerpro.com","applied_policy":"ChromeUA"},{"domain":"crayondatabase.com","applied_policy":"ChromeUA"},{"domain":"elroyalecasinomail.com","applied_policy":"ChromeUA"},{"domain":"aussieplaypromos.com","applied_policy":"ChromeUA"},{"domain":"eu.smilemate.com","applied_policy":"ChromeUA"},{"domain":"live.remo.co","applied_policy":"ChromeUA"},{"domain":"orders.cutcoapps.com","applied_policy":"ChromeUA"},{"domain":"app.pharmulary.com","applied_policy":"ChromeUA"},{"domain":"learn.maplesoft.com","applied_policy":"ChromeUA"},{"domain":"suppliersmx.smp-automotive.com","applied_policy":"ChromeUA"},{"domain":"tv.partner.co.il","applied_policy":"ChromeUA"},{"domain":"ykc.hanwangjiaoyu.com","applied_policy":"ChromeUA"},{"domain":"lacite.essentialskillsgroup.com","applied_policy":"ChromeUA"},{"domain":"my.globaluniversity.edu","applied_policy":"ChromeUA"},{"domain":"totale.rosettastone.com","applied_policy":"ChromeUA"},{"domain":"icingimages.com","applied_policy":"ChromeUA"},{"domain":"b2b.yandex.ru","applied_policy":"ChromeUA"},{"domain":"duolingo.com","applied_policy":"ChromeUA"},{"domain":"geforcenow.com","applied_policy":"ChromeUA"},{"domain":"vote.rockhall.com","applied_policy":"ChromeUA"},{"domain":"capitaloneoffers.com","applied_policy":"ChromeUA"},{"domain":"yorbit.mindtree.com","applied_policy":"ChromeUA"},{"domain":"prepmod.health.state.mn.us","applied_policy":"ChromeUA"},{"domain":"prepmod.doh.wa.gov","applied_policy":"ChromeUA"},{"domain":"ome.tv","applied_policy":"ChromeUA"},{"domain":"wowow.co.jp","applied_policy":"ChromeUA"},{"domain":"sankuai.com","applied_policy":"ChromeUA"},{"domain":"prezi.com","applied_policy":"ChromeUA"},{"domain":"algoritmika.az","applied_policy":"ChromeUA"},{"domain":"whitehatjr.com","applied_policy":"ChromeUA"},{"domain":"www.skyroom.online","applied_policy":"ChromeUA"},{"domain":"videochatru.com","applied_policy":"ChromeUA"},{"domain":"www.yuque.com","applied_policy":"ChromeUA"},{"domain":"hllqp.com","applied_policy":"ChromeUA"},{"domain":"unacademy.com","applied_policy":"ChromeUA"},{"domain":"mazonecec.com","applied_policy":"ChromeUA"},{"domain":"cs.zaq.ne.jp","applied_policy":"ChromeUA"},{"domain":"chat-pt.com","applied_policy":"ChromeUA"},{"domain":"nativecamp.net","applied_policy":"ChromeUA"},{"domain":"newrow.com","applied_policy":"ChromeUA"},{"domain":"www.chess.com","applied_policy":"ChromeUA"},{"domain":"pixton.com","applied_policy":"ChromeUA"},{"domain":"bank.dream-1.co.kr","applied_policy":"ChromeUA"},{"domain":"siga.aduanas.gob.do","applied_policy":"ChromeUA"},{"domain":"secure.priviahealth.com","applied_policy":"ChromeUA"},{"domain":"vroom.truevirtualworld.com","applied_policy":"ChromeUA"},{"domain":"mettl.com","applied_policy":"ChromeUA"},{"domain":"granbluefantasy.jp","applied_policy":"ChromeUA"},{"domain":"xiaomawang.com","applied_policy":"ChromeUA"},{"domain":"talview.com","applied_policy":"ChromeUA"},{"domain":"vpn.zmaxis.com","applied_policy":"ChromeUA"},{"domain":"app.jigsawinteractive.com","applied_policy":"ChromeUA"},{"domain":"www.quebon.tv","applied_policy":"ChromeUA"},{"domain":"mars.alg.academy","applied_policy":"ChromeUA"},{"domain":"www.flexclip.com","applied_policy":"ChromeUA"},{"domain":"app.smarterproctoring.com","applied_policy":"ChromeUA"},{"domain":"minedia.com","applied_policy":"ChromeUA"},{"domain":"www.filemaru.com","applied_policy":"ChromeUA"},{"domain":"hirepro.in","applied_policy":"ChromeUA"},{"domain":"lwss.cdgdc.edu.cn","applied_policy":"ChromeUA"},{"domain":"keckmedicine.org","applied_policy":"ChromeUA"},{"domain":"kaipoke.biz","applied_policy":"ChromeUA"},{"domain":"app.bookcreator.com","applied_policy":"ChromeUA"},{"domain":"player.pl","applied_policy":"ChromeUA"},{"domain":"live.twebcast.com","applied_policy":"ChromeUA"},{"domain":"web.openrainbow.com","applied_policy":"ChromeUA"},{"domain":"www.storyboardthat.com","applied_policy":"ChromeUA"},{"domain":"www.techfluency.org","applied_policy":"ChromeUA"},{"domain":"www.amway.co.kr","applied_policy":"ChromeUA"},{"domain":"smartschool.be","applied_policy":"ChromeUA"},{"domain":"bm.chsi.com.cn","applied_policy":"ChromeUA"},{"domain":"www.n-gaku.ed.jp","applied_policy":"ChromeUA"},{"domain":"start.ipc.qld.edu.au","applied_policy":"ChromeUA"},{"domain":"global.talk-cloud.net","applied_policy":"ChromeUA"},{"domain":"sigaexplorer.aduanas.gob.do","applied_policy":"ChromeUA"},{"domain":"www.protrainings.com","applied_policy":"ChromeUA"},{"domain":"www.rarejob.com","applied_policy":"ChromeUA"},{"domain":"chatalternative.com","applied_policy":"ChromeUA"},{"domain":"socialive.us","applied_policy":"ChromeUA"},{"domain":"www.zhihu.com","applied_policy":"ChromeUA"},{"domain":"login.smasheducation.com","applied_policy":"ChromeUA"},{"domain":"mindbody.io","applied_policy":"ChromeUA"},{"domain":"hubgame.cn","applied_policy":"ChromeUA"},{"domain":"mega.nz","applied_policy":"ChromeUA"},{"domain":"univer.kaznpu.kz","applied_policy":"ChromeUA"},{"domain":"www.jkydata.com","applied_policy":"ChromeUA"},{"domain":"clipchamp.com","applied_policy":"ChromeUA"},{"domain":"yz.cainiao.com","applied_policy":"ChromeUA"},{"domain":"app.boardable.com","applied_policy":"ChromeUA"},{"domain":"kakao.com","applied_policy":"ChromeUA"},{"domain":"blibee.com","applied_policy":"ChromeUA"},{"domain":"woots.nl","applied_policy":"ChromeUA"},{"domain":"webinar.anymeeting.com","applied_policy":"ChromeUA"},{"domain":"www.valr.com","applied_policy":"ChromeUA"},{"domain":"rwanda.edacy.com","applied_policy":"ChromeUA"},{"domain":"onlyonefoodnet.ifresh.co.kr","applied_policy":"ChromeUA"},{"domain":"wing.coupang.com","applied_policy":"ChromeUA"},{"domain":"portal.greenxtrade.cn","applied_policy":"ChromeUA"},{"domain":"coronavirus.maryland.gov","applied_policy":"ChromeUA"},{"domain":"www.alarm.com","applied_policy":"ChromeUA"},{"domain":"www.niubizenlinea.com.pe","applied_policy":"ChromeUA"},{"domain":"integra.co.in","applied_policy":"ChromeUA"},{"domain":"spatial.chat","applied_policy":"ChromeUA"},{"domain":"1cs.jp","applied_policy":"ChromeUA"},{"domain":"axisbank.com","applied_policy":"ChromeUA"},{"domain":"customs.vans.com.cn","applied_policy":"ChromeUA"},{"domain":"online.aufratenzur.bawagpsk.com","applied_policy":"ChromeUA"},{"domain":"dsp.horse24.com","applied_policy":"ChromeUA"},{"domain":"order.campion.com.au","applied_policy":"ChromeUA"},{"domain":"bcpzonasegurabeta.viabcp.com","applied_policy":"ChromeUA"},{"domain":"www.xthk.cn","applied_policy":"ChromeUA"},{"domain":"lemo.share-platform.de","applied_policy":"ChromeUA"},{"domain":"vc.dial070.co.kr","applied_policy":"ChromeUA"},{"domain":"www.gaosiedu.com","applied_policy":"ChromeUA"},{"domain":"jp.glats.online","applied_policy":"ChromeUA"},{"domain":"all-dream.com","applied_policy":"ChromeUA"},{"domain":"www.typing.com","applied_policy":"ChromeUA"},{"domain":"pixton.com","applied_policy":"ChromeUA"},{"domain":"www.bitpaper.io","applied_policy":"ChromeUA"},{"domain":"tophat.com","applied_policy":"ChromeUA"},{"domain":"home.ibotta.com","applied_policy":"ChromeUA"},{"domain":"vaccinereg.health.nd.gov","applied_policy":"ChromeUA"},{"domain":"www.comassvax.org","applied_policy":"ChromeUA"},{"domain":"www.mtreadyclinic.org","applied_policy":"ChromeUA"},{"domain":"www.vaccinateri.org","applied_policy":"ChromeUA"},{"domain":"www.marylandvax.org","applied_policy":"ChromeUA"},{"domain":"myhealth.alaska.gov","applied_policy":"ChromeUA"},{"domain":"prepmod.health.state.mn.us","applied_policy":"ChromeUA"},{"domain":"fx.dmm.com","applied_policy":"ChromeUA"},{"domain":"kyc.icicibank.com","applied_policy":"ChromeUA"},{"domain":"mileageplanshopping.com","applied_policy":"ChromeUA"},{"domain":"hd.kinopoisk.ru","applied_policy":"ChromeUA"},{"domain":"aiosante.fr","applied_policy":"ChromeUA"},{"domain":"mentora.co","applied_policy":"ChromeUA"},{"domain":"maj.leboncoin.fr","applied_policy":"ChromeUA"},{"domain":"new.faberlic.com","applied_policy":"ChromeUA"},{"domain":"support.proxyvote.com","applied_policy":"ChromeUA"},{"domain":"syscheck.bridge.psiexams.com","applied_policy":"ChromeUA"},{"domain":"logon.mykpa.com","applied_policy":"ChromeUA"},{"domain":"power2patient.net","applied_policy":"ChromeUA"},{"domain":"h5.hunbei.com","applied_policy":"ChromeUA"},{"domain":"siharka.menpan.go.id","applied_policy":"ChromeUA"},{"domain":"learning.apaxleaders.edu.vn","applied_policy":"ChromeUA"},{"domain":"sanayisicil.sanayi.gov.tr","applied_policy":"ChromeUA"},{"domain":"provider.teladoc.com","applied_policy":"ChromeUA"},{"domain":"codelion.net","applied_policy":"ChromeUA"},{"domain":"kaleoz.com","applied_policy":"ChromeUA"},{"domain":"demos.cutcoapps.com","applied_policy":"ChromeUA"},{"domain":"eps.jspl.com","applied_policy":"ChromeUA"},{"domain":"managing.h-navi.jp","applied_policy":"ChromeUA"},{"domain":"pinfrafacturacion.com.mx","applied_policy":"ChromeUA"},{"domain":"app.showit.co","applied_policy":"ChromeUA"},{"domain":"co-verify.com","applied_policy":"ChromeUA"},{"domain":"app.axiumascend.com","applied_policy":"ChromeUA"},{"domain":"student.atama.plus","applied_policy":"ChromeUA"},{"domain":"cyedu.kead.or.kr","applied_policy":"ChromeUA"},{"domain":"service.medicheck.se","applied_policy":"ChromeUA"},{"domain":"sio.men.gov.pl","applied_policy":"ChromeUA"},{"domain":"i.cqu.edu.cn","applied_policy":"ChromeUA"},{"domain":"conv.gryphondds.com","applied_policy":"ChromeUA"},{"domain":"business.curated.com","applied_policy":"ChromeUA"},{"domain":"platinum-options.com","applied_policy":"ChromeUA"},{"domain":"pjxt.lnen.cn","applied_policy":"ChromeUA"}]}},"EdgeFirstRun":{"FRE_SecondDevice":{"enableFeatures":["msEdgeFreSecondDevice"],"parameters":[{"name":"ConfigScreens","value":"false"},{"name":"ConfigImportScreen","value":"false"}]}},"EdgeFirstRunConfig":{"BingDefaultsConfig":{"enableFeatures":["msSetBingDSEChina","msSetNTPStartPageChina","msSetNTPSearchBoxBingChina"]}},"EdgeServices":{"SearchChurnMetrics":{"serviceFeatureRolloutId":8569},"GetButtonOnIconCard":{"serviceFeatureRolloutId":8565},"TranslateServiceAuthCache3":{"serviceFeatureRolloutId":3000}},"Segmentation":{"ContentServicesAll":"false","WebXTAll":"false","OfficeEnterpriseNTP":"false","NewsAll":"false","BingAll":"false","EdgeAndPartnersAll":"false","EdgeAll":"false","MicrosoftUser":"false","M365InnerRingSG":"false"},"Headers":{"ETag":"\"6cNLK+8X5HBzQduCsZFquoN4gf5eGvSdfklQTVbRqpg=\"","Expires":"Wed, 12 May 2021 09:19:37 GMT","CountryCode":"RU","StatusCode":"200","X-FD-Flight":"18mp=disableclosebutton,2kwj=zhetan4112021"},"ConfigIDs":{"ECS":"P-D-42388-2-5","Edge":"P-X-68464-1-13,P-E-81919-2-6,P-R-80762-1-2,P-R-79364-1-2,P-R-76653-2-6,P-R-76607-1-4,P-R-76115-8-6,P-R-75808-1-2,P-R-73619-1-4,P-R-72601-10-17,P-R-69613-4-8,P-R-69744-2-6,P-R-69609-6-14,P-R-68950-6-15,P-R-67521-6-26,P-R-68779-4-9,P-R-66366-4-14,P-R-66081-8-17,P-R-65092-12-19,P-R-61650-1-7,P-D-79348-1-3,P-D-72492-1-2,edspe332:90310","EdgeConfig":"P-R-80515-1-11,P-R-78784-1-4,P-R-74232-5-14,P-R-73415-1-6,P-R-67819-1-6,P-R-68474-6-8,P-R-60617-3-11,P-R-58769-2-3,P-R-58477-2-4,P-R-51329-1-7,P-R-45373-8-78,P-R-46265-14-64","EdgeDomainActions":"P-R-73626-1-13,P-R-63165-3-22,P-R-53243-2-6,P-R-40093-3-25,P-R-38744-7-94,P-R-31899-15-329","EdgeFirstRun":"P-R-69980-2-4","EdgeFirstRunConfig":"P-R-82775-1-3","EdgeServices":"P-R-72540-2-7,P-R-67796-2-11,P-R-60622-1-2","Segmentation":"P-R-66078-1-2,P-R-66077-1-4,P-R-60887-1-4,P-R-60886-1-2,P-R-60882-1-2,P-R-60884-1-2,P-R-43082-1-3,P-R-42744-1-2,P-R-42492-1-3"}}