{
  "name": "AdSDK",
  "version": 4955,
  "buildTime": 1617732585273,
  "moduleVersions": [
    {
      "id": 4954,
      "percent": 14
    },
    {
      "id": 4953,
      "percent": 14
    },
    {
      "id": 4952,
      "percent": 14
    },
    {
      "id": 4948,
      "percent": 14
    },
    {
      "id": 4945,
      "percent": 14
    },
    {
      "id": 4944,
      "percent": 14
    },
    {
      "id": 4943,
      "percent": 14
    },
    {
      "id": 4947,
      "percent": 2
    }
  ]
}